{
    "door-close-v2-goal-observable": {
        "success_rates": [
            1.0
        ],
        "reward_means": [
            3.2508876603278547
        ],
        "reward_stds": [
            1.0088016048797905
        ],
        "replans_counts": [
            {
                "0": 1,
                "1": 2,
                "2": 21,
                "3": 1,
                "4": 0,
                "5": 0,
                "6": 0,
                "7": 0,
                "8": 0,
                "9": 0,
                "10": 0
            }
        ]
    },
    "button-press-v2-goal-observable": {
        "success_rates": [
            0.96
        ],
        "reward_means": [
            0.49272760411498795
        ],
        "reward_stds": [
            0.05514838376126933
        ],
        "replans_counts": [
            {
                "0": 0,
                "1": 23,
                "2": 1,
                "3": 0,
                "4": 0,
                "5": 0,
                "6": 0,
                "7": 0,
                "8": 0,
                "9": 0,
                "10": 0,
                "11": 0,
                "12": 0,
                "13": 0,
                "14": 0,
                "15": 0,
                "16": 0,
                "17": 0,
                "18": 0,
                "19": 0,
                "20": 0,
                "21": 0,
                "22": 0,
                "23": 0,
                "24": 0,
                "25": 0,
                "26": 0,
                "27": 0,
                "28": 0,
                "29": 0,
                "30": 0
            }
        ]
    },
    "button-press-topdown-v2-goal-observable": {
        "success_rates": [
            1.0
        ],
        "reward_means": [
            1.60511747018364
        ],
        "reward_stds": [
            0.6910884946243199
        ],
        "replans_counts": [
            {
                "0": 25,
                "1": 0,
                "2": 0,
                "3": 0,
                "4": 0,
                "5": 0,
                "6": 0,
                "7": 0,
                "8": 0,
                "9": 0,
                "10": 0
            }
        ]
    },
    "faucet-close-v2-goal-observable": {
        "success_rates": [
            0.8
        ],
        "reward_means": [
            4.702835820784567
        ],
        "reward_stds": [
            0.9566610510795436
        ],
        "replans_counts": [
            {
                "0": 0,
                "1": 0,
                "2": 2,
                "3": 1,
                "4": 4,
                "5": 3,
                "6": 3,
                "7": 3,
                "8": 1,
                "9": 1,
                "10": 2,
                "11": 0,
                "12": 0,
                "13": 0,
                "14": 0,
                "15": 0,
                "16": 0,
                "17": 0,
                "18": 0,
                "19": 0,
                "20": 0,
                "21": 0,
                "22": 0,
                "23": 0,
                "24": 0,
                "25": 0,
                "26": 0,
                "27": 0,
                "28": 0,
                "29": 0,
                "30": 0
            }
        ]
    },
    "faucet-open-v2-goal-observable": {
        "success_rates": [
            0.36
        ],
        "reward_means": [
            3.9379052950173445
        ],
        "reward_stds": [
            1.2134026058646787
        ],
        "replans_counts": [
            {
                "0": 0,
                "1": 6,
                "2": 0,
                "3": 2,
                "4": 0,
                "5": 1,
                "6": 0,
                "7": 0,
                "8": 0,
                "9": 0,
                "10": 0,
                "11": 0,
                "12": 0,
                "13": 0,
                "14": 0,
                "15": 0,
                "16": 0,
                "17": 0,
                "18": 0,
                "19": 0,
                "20": 0,
                "21": 0,
                "22": 0,
                "23": 0,
                "24": 0,
                "25": 0,
                "26": 0,
                "27": 0,
                "28": 0,
                "29": 0,
                "30": 0
            }
        ]
    },
    "door-open-v2-goal-observable": {
        "success_rates": [
            0.92
        ],
        "reward_means": [
            3.705078958616427
        ],
        "reward_stds": [
            0.55611364348379
        ],
        "replans_counts": [
            {
                "0": 0,
                "1": 19,
                "2": 0,
                "3": 2,
                "4": 0,
                "5": 2,
                "6": 0,
                "7": 0,
                "8": 0,
                "9": 0,
                "10": 0,
                "11": 0,
                "12": 0,
                "13": 0,
                "14": 0,
                "15": 0,
                "16": 0,
                "17": 0,
                "18": 0,
                "19": 0,
                "20": 0,
                "21": 0,
                "22": 0,
                "23": 0,
                "24": 0,
                "25": 0,
                "26": 0,
                "27": 0,
                "28": 0,
                "29": 0,
                "30": 0
            }
        ]
    },
    "handle-press-v2-goal-observable": {
        "success_rates": [
            1.0
        ],
        "reward_means": [
            5.35894323010665
        ],
        "reward_stds": [
            1.1782205569472552
        ],
        "replans_counts": [
            {
                "0": 5,
                "1": 20,
                "2": 0,
                "3": 0,
                "4": 0,
                "5": 0,
                "6": 0,
                "7": 0,
                "8": 0,
                "9": 0,
                "10": 0
            }
        ]
    },
    "hammer-v2-goal-observable": {
        "success_rates": [
            0.52
        ],
        "reward_means": [
            1.3037936387952038
        ],
        "reward_stds": [
            0.9018291597554026
        ],
        "replans_counts": [
            {
                "0": 0,
                "1": 0,
                "2": 9,
                "3": 0,
                "4": 0,
                "5": 2,
                "6": 1,
                "7": 0,
                "8": 1,
                "9": 0,
                "10": 0,
                "11": 0,
                "12": 0,
                "13": 0,
                "14": 0,
                "15": 0,
                "16": 0,
                "17": 0,
                "18": 0,
                "19": 0,
                "20": 0,
                "21": 0,
                "22": 0,
                "23": 0,
                "24": 0,
                "25": 0,
                "26": 0,
                "27": 0,
                "28": 0,
                "29": 0,
                "30": 0
            }
        ]
    }
}