{
    "door-open-v2-goal-observable": {
        "success_rates": [
            0.28
        ],
        "reward_means": [
            1.6901930294154608
        ],
        "reward_stds": [
            1.0429198011936431
        ],
        "replans_counts": [
            {
                "0": 2,
                "1": 1,
                "2": 2,
                "3": 2,
                "4": 0,
                "5": 0,
                "6": 0,
                "7": 0,
                "8": 0,
                "9": 0,
                "10": 0
            }
        ]
    },
    "button-press-topdown-v2-goal-observable": {
        "success_rates": [
            0.72
        ],
        "reward_means": [
            1.1162973558391147
        ],
        "reward_stds": [
            0.7160908636376272
        ],
        "replans_counts": [
            {
                "0": 10,
                "1": 5,
                "2": 1,
                "3": 0,
                "4": 0,
                "5": 1,
                "6": 0,
                "7": 1,
                "8": 0,
                "9": 0,
                "10": 0
            }
        ]
    },
    "door-close-v2-goal-observable": {
        "success_rates": [
            1.0
        ],
        "reward_means": [
            2.7336290790231095
        ],
        "reward_stds": [
            0.9079223093774769
        ],
        "replans_counts": [
            {
                "0": 24,
                "1": 1,
                "2": 0,
                "3": 0,
                "4": 0,
                "5": 0,
                "6": 0,
                "7": 0,
                "8": 0,
                "9": 0,
                "10": 0
            }
        ]
    },
    "button-press-v2-goal-observable": {
        "success_rates": [
            0.96
        ],
        "reward_means": [
            0.7517930030835768
        ],
        "reward_stds": [
            0.3096452107971907
        ],
        "replans_counts": [
            {
                "0": 15,
                "1": 6,
                "2": 2,
                "3": 1,
                "4": 0,
                "5": 0,
                "6": 0,
                "7": 0,
                "8": 0,
                "9": 0,
                "10": 0
            }
        ]
    },
    "handle-press-v2-goal-observable": {
        "success_rates": [
            0.52
        ],
        "reward_means": [
            1.5343006060808444
        ],
        "reward_stds": [
            1.191927712355775
        ],
        "replans_counts": [
            {
                "0": 6,
                "1": 2,
                "2": 1,
                "3": 1,
                "4": 1,
                "5": 2,
                "6": 0,
                "7": 0,
                "8": 0,
                "9": 0,
                "10": 0
            }
        ]
    }
}